Customer Name,Mobile,Tower / Project,Area,Flat No,Category
MOHAMED RASHID AL-MANSOORI,050 123 4567,Princess Tower,Dubai Marina,1402,Apartment
MOHAMED RASHID AL-MANSOORI,050 123 4567,Princess Tower,Dubai Marina,1403,Apartment
MOHAMED RASHID AL-MANSOORI,050 123 4567,Princess Tower,Dubai Marina,1402,Apartment
DR. KHALID AL-QASSIMI,+971 52 333 4444 / 050 999 1111,Candace Acacia,Al Furjan,310,Flat
SHAHAD NABIL H ALKAHTANI,00971507654321,Damac Hills 2,Damac Hills 2,Villa 88,Villa
DINESH KUMAR,509998888,Al Furjan,Al Furjan,501,Apartments
OLENA BOHODUKHOVA,+971555313403,null,Business Bay,,Unit
HARSHIT VERMA,055-987-6543,Silverene Tower A,Dubai Marina,804,
STEPAN TSEPALKIN,79523729121,Zada Tower,Businessbay,1902,Apartment
FATIMA ZAHRA AL-HASHIMI,0508881234,Marina Gate 1,Dubai Marina,,Apartment
JUNK RECORD TEST,12345,Burj Crown,Downtown Dubai,101,Apartment
DUBAI LANDLINE OFFICE,04 399 0000,Marina Gate 2,Dubai Marina,2201,Apartment
AHMED BIN SALEM,00971 50 444 5566,Damac Lagoons,Dubailand,Villa 12,Townhouse
